chunk_size,overlap,nb_chunks,mrr
128,12,369,0.13999999999999999
256,25,217,0.21999999999999997
512,51,153,0.15
1024,102,131,0.15
